,resource_state,name,distance,moving_time,elapsed_time,total_elevation_gain,type,workout_type,id,external_id,upload_id,start_date,start_date_local,timezone,utc_offset,start_latlng,end_latlng,location_city,location_state,location_country,start_latitude,start_longitude,achievement_count,kudos_count,comment_count,athlete_count,photo_count,trainer,commute,manual,private,visibility,flagged,gear_id,from_accepted_tag,upload_id_str,average_speed,max_speed,average_cadence,has_heartrate,average_heartrate,max_heartrate,heartrate_opt_out,display_hide_heartrate_option,elev_high,elev_low,pr_count,total_photo_count,has_kudoed,suffer_score,athlete.id,athlete.resource_state,map.id,map.summary_polyline,map.resource_state
0,2,Carrera a la hora del almuerzo,10005.3,3282,3406,50.0,Run,,4301663060,garmin_push_5785965154,4598497950,2020-11-07T12:21:19Z,2020-11-07T12:21:19Z,(GMT+00:00) Europe/London,0.0,"[52.282335, -1.533584]","[52.28278, -1.534656]",,,Espa침a,52.282335,-1.533584,6,8,0,1,0,False,False,False,False,everyone,False,g5086115,False,4598497950,3.049,6.4,84.6,True,160.6,175.0,False,True,65.9,46.4,2,0,False,112.0,7428619,1,a4301663060,qkb~H|ojHLe@Xm@ByALk@Re@YgBOq@Qi@G?UH_Af@cA\g@HoA@_@J]`@[LOb@?CGCa@^c@Te@Bc@NYf@c@BmBz@e@Oa@Y_@Ac@nA]j@_@`@MZu@x@{@dAcAbA]b@[Jc@TSFa@k@QK_ChAgBp@g@Ck@Ia@Tc@BkAPc@Bc@HaA@]JGJDnBG~@Dx@B~APdBOrF?|@GxADfCD~@@~BAzA@|@TzFB~@C~@F`ANz@FbAh@dDd@bB~@`Fh@pBNv@L|@H`ACZFz@n@tCd@dBRp@\b@F~BDdDNxAIr@TrO@`GE~EB`AH|@b@rBv@dFf@rB~@vCVl@Rr@n@|ATx@`@xBn@|C`@TGjA?~@TjBF|@j@tD~@~Ef@xBd@bDP|Bb@tDJx@NJ?HGZD`ADRDDERHx@fAhHn@pFn@xELv@Rx@Nz@^zATdBd@rBf@jBhAnCh@bBd@lBNVb@T`@XhAl@d@?`@Hb@Xb@Pb@OBCl@cBTs@L{@f@eBHw@E{@Gk@d@cDMu@CgB@_ATo@^g@J?DL^~A\vCE~@Jz@Hf@RI\_@t@m@f@}@To@DU@}@OiCC_AO_A_AgKUuB[qDOw@G_AO}@q@qJcA}KKo@QsDGi@i@yHM{@Gy@SwD[yDg@eJCy@A}CNuFEkBA_BIeBa@_DOo@}@_CSq@o@yCc@yC]mDWuDEyB?sBH{BB_CEuBEaAIm@Qy@[uBQ}BQq@g@De@Ra@Vc@Ng@Cc@@e@Dc@Lg@Dg@?g@Ee@N[b@St@W^KJGCAKLw@AOa@_@KyAa@Qg@HYEa@]]e@Qi@Qu@g@}DKiBAyBVyB`@eB@}@ScDK{@CsD?wBDOd@G^UXk@d@QnAQb@SHi@H}@HgDN}ANu@Dy@Lw@l@sDNkBB}@I_CYwBGuBN]b@STIb@Wn@g@b@U^e@d@Wj@NCEFM\Qd@_@f@Ef@O`@YfAg@rBm@X@Tt@L|@Tv@Nx@WlBGz@w@|Aa@\c@ESv@GbBDF,2
1,2,Carrera de tarde,8049.3,2694,2766,32.4,Run,,4290831802,garmin_push_5777972885,4589812668,2020-11-05T17:31:39Z,2020-11-05T17:31:39Z,(GMT+00:00) Europe/London,0.0,"[52.282305, -1.533847]","[52.283229, -1.534379]",,,Espa침a,52.282305,-1.533847,5,15,0,1,0,False,False,False,False,everyone,False,g5086115,False,4589812668,2.988,4.6,84.3,True,160.3,183.0,False,True,57.2,48.0,0,0,False,88.0,7428619,1,a4290831802,kkb~HpqjHL]N{@Pg@Gm@AWRw@V[AK_@}Ak@eBa@Hm@VeAn@oBd@a@TYVADe@l@_@Ec@VqB~@kA\Mt@\dGE|@c@pCg@bBi@pCYrDE`A@j@GfB?~@Ah@E`@WPAHRn@AtDIxBMjH^XXn@D|@CtAB`AC~BM|BI|@Kx@UnAK`ADXJrBT`@Mv@Ix@ExAEh@wAvGYn@c@^_@b@cBbDyB|C_@`@WLYFa@Z{A~AEx@F~BDjGHzBAvDA\BxBEtDJx@Rx@lA`HXr@Tr@z@|EPh@Zl@`@zAj@~A`@rBJ\N\h@^@PIX?xBRrBBz@ZvBf@lBn@fDz@rFZhCBz@Lx@F~@Jl@JNMTAFNbCp@hFhA|Gr@dFZvAF`ALv@Rj@bAbF|@rDZl@\b@f@lBb@rBVd@x@l@^\ZNh@NdAd@f@Lb@F^YXk@xAcEj@qAZm@|@qA`AgA`@]^W`@a@`@g@Ps@@e@K}BMw@G}@IiBg@sFWkBa@mFWwBMwBk@}EUsDk@oFk@gJSoAU{BUiDK_AO_EIoBQaCI{Ba@kFCsDFyGQ_GG_AIy@Ou@Uu@m@cBi@gBi@eCg@qEo@{IEaCH_E@aCCc@AaAK}Be@sDUcCO]?o@H_@^g@Ny@F{@@}@Iw@Sw@Wg@]qBc@eBUgBHQBcAEaCE{@Ky@EaAB_AYwDSuA]yECaA?yBFw@N{@@_A?aCB_AA{@IyBA{@Fi@LOb@CfALd@LTA,2
2,2,Carrera de tarde,8006.6,2502,2692,30.7,Run,,4286230449,garmin_push_5773402872,4584922237,2020-11-04T17:44:54Z,2020-11-04T17:44:54Z,(GMT+00:00) Europe/London,0.0,"[52.282367, -1.533443]","[52.284267, -1.534359]",,,Espa침a,52.282367,-1.533443,2,9,0,1,0,False,False,False,False,everyone,False,g5086115,False,4584922237,3.2,4.0,84.1,True,147.2,178.0,False,True,57.2,48.0,2,0,False,45.0,7428619,1,a4286230449,wkb~H`ojHF[Xe@DaAFk@f@mA]sBI[?OGK_@Jw@`@g@JWNe@Hg@Ec@Hg@Ts@`AWh@OOE@OLWJKLe@LcAn@IJe@?MH_@D]^Id@DbALx@VdDFfBG~@[rBe@f@Wp@Y|AIx@AlEAz@G|@?j@E`AUN?B?HHZKzBCzBM`CA|B@nBb@TXd@Lr@@bCCnBI~Bi@pE]hBLxBF^TZU~AGv@@b@w@vDi@hBg@lAqApB{ArBWViC`DeAdAcArAO^A`AD`A@~BL~CFx@B~@?rBIzFBpDDz@^pBPr@^xBd@tBHr@Rp@fAlCTt@d@bA^jBRp@f@zCVl@\LBRKV@zBXzBH~@ZxBNr@nA|GZrBPz@`@fDA^Fp@XtBJVGDIp@Lz@p@fDVvBn@pDTpBXrBF~@\xBbB`Jd@tBh@pBVr@Zh@Xr@x@`Dl@h@`@Rp@ZpBp@d@Vd@Pd@YvC_IbBwC^g@|AqA^a@Zk@Pu@?}@ScCGy@a@wDOyBa@yE{@}H]mDK}Ba@sC]eEm@iGI{@K_Cq@mHM}BK_AKyDMeAWeEIcCYeEE{BH{LIcCEy@SuAQy@o@aB_@w@w@cDk@cFc@gGCaAI}@GyDLkGEeCG}@K}@[qAMy@OuBOk@JcARSZm@NeA@i@A_@KcAQw@Ym@MeAw@eEEwA?oBWcGWqB[sDImCB}@KqCCeC@oGRcHG{@GAGRBP,2
3,2,Nataci칩n de ma침ana,1100.0,1724,1746,0.0,Swim,,4274546454,garmin_push_5761328742,4572554669,2020-11-02T06:43:24Z,2020-11-02T07:43:24Z,(GMT+01:00) Europe/Madrid,3600.0,,,,,Espa침a,,,0,5,0,1,0,True,False,False,False,everyone,False,,False,4572554669,0.638,1.2,22.6,False,,,False,False,,,0,0,False,,7428619,1,a4274546454,,2
4,2,Nataci칩n de ma침ana,550.0,710,2028,0.0,Swim,,4270086678,garmin_push_5756712419,4567825570,2020-11-01T09:25:54Z,2020-11-01T10:25:54Z,(GMT+01:00) Europe/Madrid,3600.0,,,,,Espa침a,,,0,0,0,1,0,True,False,False,True,only_me,False,,False,4567825570,0.775,6.0,23.8,False,,,False,False,,,0,0,False,,7428619,1,a4270086678,,2
5,2,Carrera a la hora del almuerzo,10212.7,3375,3436,38.2,Run,,4265914118,garmin_push_5752365404,4563366583,2020-10-31T11:02:12Z,2020-10-31T11:02:12Z,(GMT+00:00) Europe/London,0.0,"[52.282344, -1.533626]","[52.282125, -1.533325]",,,Espa침a,52.282344,-1.533626,2,10,0,1,0,False,False,False,False,everyone,False,g5086115,False,4563366583,3.026,7.3,82.6,True,160.9,194.0,False,True,56.9,48.0,0,0,False,112.0,7428619,1,a4265914118,skb~HdpjHl@sBAy@Je@FS\i@W{@Sy@g@kAQBa@X_@Ji@TkA\[NSRw@\MDk@DeAl@c@\c@LoB|@a@ZSp@P~BG^LxB@zBCx@Kx@_@bBa@zAIx@S`F?|DC|@EBkAb@c@DoB`@a@T]f@@x@TjDB|@L~B?`AHt@d@DjAKd@Ab@H^`@Vr@Lx@DbAA`CIjBUtDm@dDPnCXX?FeAfGQx@Ur@[xAAd@]n@}@nAi@l@uCdEy@z@_@b@cAz@sA|A?z@FbA@bAPvDE~BF`EAzF@rD@VJv@tA~GNz@Rr@\dBTv@Xn@Xf@nAtDr@jDF~@Zj@LBEj@LvCN|@f@lEpArGb@rBPlAPhBDz@^fB?`ANz@Pp@DB?DEHNnD`@nB\vBR|@N~@LrBTxBXrBXzBr@hD`AdFz@vCVp@l@vAPr@Tl@`@nAdAx@d@Nf@Vd@Zd@PP@`@VZHLE^]Zm@n@cBDU^_AXaAx@qAd@{@Xe@b@c@dAs@~AcBHy@MsBSeBOeBO{@I_Aa@iCSsBYqDWkBW{CW}Ae@sFSiBKqB]cEQ_EI{@Oy@M_CM_AG_AK}@QyBG_AGeDQ}ASaCMw@AqBM_AGoBDcE@gBD{@?aAGsB?{BEy@K{@YwAeAkDo@cBMw@Gy@E{@c@sCK}@G}@c@eGAqBRwHCQEKD{@Aq@E{@Oy@e@}CSwBWi@g@HkAZoAToADe@KyAHKCc@Rc@`@c@nBe@jAG@ES^_C]c@AIC{@Ec@B{@Lw@`@uDJ_BPiEAwAEy@Ws@g@O_DDg@X]f@O|@Gx@C|BRxBh@rDh@lBZf@f@Rd@I\]To@b@}CV}DD}@D_CA[Gw@Us@a@[GSB_CJ}BHiDB}BA}@Ck@JaADeC?_AAc@PiDNkBLu@Rs@\i@Pu@D{@@sBQmC_@sDPo@r@Sn@]vAi@r@Mp@Y^_@b@GHElAo@dAs@pB{@dAo@v@Yn@ERl@AfAPr@ETa@^[`@Op@Nv@Sn@[p@,2
6,2,Nataci칩n de ma침ana,1025.0,1461,1574,0.0,Swim,,4257274870,garmin_push_5743045974,4554180075,2020-10-29T06:46:50Z,2020-10-29T07:46:50Z,(GMT+01:00) Europe/Madrid,3600.0,,,,,Espa침a,,,0,6,2,1,0,True,False,False,False,everyone,False,,False,4554180075,0.702,2.1,24.4,False,,,False,False,,,0,0,False,,7428619,1,a4257274870,,2
7,2,Carrera de tarde,6039.7,2041,2203,26.4,Run,,4255405018,garmin_push_5741203626,4552210604,2020-10-28T17:15:11Z,2020-10-28T17:15:11Z,(GMT+00:00) Europe/London,0.0,"[52.282469, -1.533829]","[52.281943, -1.532043]",,,Espa침a,52.282469,-1.533829,0,8,0,1,0,False,False,False,False,everyone,False,g5086115,False,4552210604,2.959,4.2,83.1,True,183.6,195.0,False,True,56.9,49.7,0,0,False,140.0,7428619,1,a4255405018,klb~HlqjHbAyBA}@@YJe@Xk@AYSaBMm@MWQ?a@Fe@Tc@Ly@LQF{@LkAf@q@`ANFABq@Ts@DIDs@~@[JG?WDGDQ?SJWb@Id@A`@?tCJd@H|@A|@G~@MnA_@`BYv@[|C@nBEdCEfBGf@a@Tg@RiDbAw@\g@HQFADBFFB\b@F~AR|A?HNh@L`CVtBXf@~@F~@Dd@F\b@TzAB~EMfD[zCOz@JlB@@Cd@\`@ATQx@M~@WrAW`A[vBSv@e@lASn@a@^k@t@y@nAYh@aBvBmApAc@VeAdA_@b@GRDd@DvAX|DB|@?~BDzBKzF@x@AzB@b@\tC^jBP`CN|@Xf@Rp@Lx@ZbBJ~@Ww@y@cBUq@a@oC[qA_@sBG}@OuAEaAByAD{@BwBM{Ha@iHA}@?qCVm@fAoAd@[nAsAXSX_@Zm@vA_Cx@oA|@oAVe@Js@Vu@p@eDTy@d@qBPW_@q@C_AK{@@aAJ{BXuBf@eHK}BSo@}@Me@?i@Ee@BYGQ}@K}@m@aHWkBE}@BMFGnADd@KlAMd@MPMHSLQVm@BaACaANgFXo@LaBJ}@`@{CB}@?{@I_CM}AS{@Iy@?{@ROlAe@hAYhAe@p@k@l@W`@e@z@WTOV?bA[^OxA}@b@Md@LTp@^~A,2
8,2,Carrera de tarde,6767.8,2187,2343,35.4,Run,,4251078298,garmin_push_5736646198,4547656073,2020-10-27T17:51:01Z,2020-10-27T17:51:01Z,(GMT+00:00) Europe/London,0.0,"[52.28246, -1.533953]","[52.282304, -1.533785]",,,Espa침a,52.28246,-1.533953,4,7,0,1,0,False,False,False,False,everyone,False,g5086115,False,4547656073,3.095,7.3,82.5,True,120.5,164.0,False,True,62.9,48.4,4,0,False,8.0,7428619,1,a4251078298,klb~HfrjHFSb@y@Xk@HU@YEUBc@XkACWQ_@GYYcBC_@I@g@XkAr@kARkADu@f@e@~@EEu@n@OD}@`@a@Ve@Dc@Pa@l@e@@e@EQHc@B[x@g@Hg@TcAdAc@VO?KKg@HoAeEu@{Ag@mBWs@Qw@i@eBa@kBSu@Ui@e@iBKw@u@iBg@eBKo@KYEi@O_AB{BGaAc@qDi@wFa@kBO_AG}B?}@@}@\qF^yDJ{B@_AA}@F_AGwBIy@GcCCOBh@Rv@l@nDB|@Ot@Kz@C`A@`AEz@Kx@E`AKz@C|@[bG@v@D~@Jn@t@|CL~AN|Bt@`FBn@Mv@Oh@@TJx@Xn@F`@Tr@Zr@Vt@Tt@Hp@Tt@Ll@Tx@Xt@v@rCPr@r@lDl@hBdArCNt@Pb@^\BFIp@Q`@a@n@Of@ObDQjB[rBEz@M|@Ql@RkCDu@?e@H_AfAaCTI\`@`@xBH`AZd@Jd@Q|@YbAYr@Wj@_@d@Wl@w@hDMz@Bx@Hz@BJBs@Z?HCHTXxCLjEUq@g@oD@yBCi@KA@QVo@T{Bl@kDh@iBv@wAd@Ud@Ef@Bb@UTo@Lw@d@gBVyB@cACq@I}@Cy@S_CQu@e@[[O[f@Wh@a@^a@h@_@^_@h@Fx@r@|ANt@WtBAn@Mz@Qt@G@c@Ya@Sy@Y_@EG|@G|BOvBOC@_Cp@iJJ}@Ru@`BqBx@mA\m@x@_Ad@Od@Gt@q@THjA_@f@IhAi@^[`Am@^HAQf@QfAq@`@OVEjBcAlAa@f@KVj@Pt@f@`B@No@jBB|@Ip@Yh@Sj@,2
9,2,Nataci칩n de ma침ana,600.0,925,1707,0.0,Swim,,4240394358,garmin_push_5725010549,4536318234,2020-10-25T09:32:50Z,2020-10-25T10:32:50Z,(GMT+01:00) Europe/Madrid,3600.0,,,,,Espa침a,,,0,0,0,1,0,True,False,False,True,only_me,False,,False,4536318234,0.649,3.8,24.3,False,,,False,False,,,0,0,False,24.0,7428619,1,a4240394358,,2
10,2,Carrera a la hora del almuerzo,6999.0,2347,2681,33.1,Run,,4236656500,garmin_push_5720874990,4532361161,2020-10-24T11:51:43Z,2020-10-24T12:51:43Z,(GMT+00:00) Europe/London,3600.0,"[52.284934, -1.530826]","[52.286918, -1.533495]",,,Espa침a,52.284934,-1.530826,1,7,0,1,0,False,False,False,False,everyone,False,g5086115,False,4532361161,2.982,4.1,82.0,True,147.8,164.0,False,True,62.9,49.3,0,0,False,45.0,7428619,1,a4236656500,y{b~Ht~iHIn@Ht@DP?TQt@EpALB?VHRIXSP?JCDQNoBr@e@?g@LmBn@cAz@c@Ka@a@c@EWg@Mw@W}@Wo@Q}@g@sAs@{AWyAUs@[i@_@e@Ws@i@mBq@_B[i@o@eBGYCa@]aACcFS_C?aAE{@_@qDOu@K{@Ca@FeE?}@FaCRcDj@gG?_AIyBB_AEk@AaCBqBVeBH{@R{@Xi@vAwEb@s@b@aA\aBVm@^_@p@e@\i@Nu@dCyH`@SbA|@`@T`@e@NEZd@Xj@Pp@\h@Rt@\h@|@lDL|@f@`AB@^?RB^Nx@d@JRQ|Aa@tJc@tHW`CEpBQpBK~@Sp@Kd@]nCaAhFi@fDk@rBg@l@OZoAdBURkChDAEr@kA`@g@VUN[|@q@^c@jAkBJYb@qB~@_I~@oFXsBPyBDwBF_AVyBb@uF?u@LaBLw@F{@?i@Xw@H{@?G_@]c@W_@[a@?a@[_@e@Qy@i@aBKi@_@{@Wq@?u@Fy@b@qBPy@Vq@`@i@j@gBp@gC@y@w@aAeAaAeAq@YIe@Ec@JKz@Ez@_@vDQ`EQx@[d@e@EQ@_@f@i@hBk@~Ai@dBYn@qBlCs@xAu@rAUr@k@nAgApCYv@Ov@Kz@DhBL|BRtB?|@C`AG`A?|@WxBI|@I|C[xDCxC?lCL|@Rx@N|@NzBT~Bp@nDEdBQv@FfARt@p@bBR`A@z@DZLd@`@p@Lp@\|@Rr@Xj@TXBXRXRt@Z^P`@pDfJ@ANJXd@b@KJI,2
11,2,Carrera de tarde,6010.4,2082,2115,16.4,Run,,4229461178,garmin_push_5713384909,4524772032,2020-10-22T16:36:06Z,2020-10-22T17:36:06Z,(GMT+00:00) Europe/London,3600.0,"[52.284842, -1.530501]","[52.284814, -1.531002]",,,Espa침a,52.284842,-1.530501,0,9,0,1,0,False,False,False,False,everyone,False,g5086115,False,4524772032,2.887,3.6,82.4,True,161.2,177.0,False,True,54.8,46.6,0,0,False,73.0,7428619,1,a4229461178,g{b~Ht|iHGf@J`BEXQh@BxAJv@CNMRa@Tc@\g@Zc@Lc@TiAd@cA`Am@v@_@`@Qr@GdABXA~@[zB\zC@v@Zf@?Xu@zA_@h@w@rASd@q@nBs@fCI|@DHLt@F`ALpNNzB@`CAbA@~@LrBdA`Ff@dB\n@`@h@t@vAZb@NJPRDP^jA`@b@j@jAZf@Zn@`@lAF|@^pBRrBh@nDD~@HxDDx@Lx@LbJ?l@u@|AWr@u@zA_ArCgAzDQx@[n@i@fCUp@o@xAo@lDUnBMzAC|B@z@GvBQx@y@zAe@nBG|@?~@UxBSt@Gd@M^~@aFD}@h@mDRy@Vg@VaAD_AH{CHoA?}@XuBV}Bd@uCnAeDlA{ErA{DHc@Vw@Rm@Xq@dAqCE{B@eBCyBUuBE_A@mBCyASeBOw@Q_COuAGyA{@kBu@qAa@[e@qACWIIc@Uq@wAgAgBUu@Sq@Ki@VwAYoA_@uBO}F@_ACEGCg@L_@YE}@EwE@{@AaB@{BO}BFcCF}@Lw@b@uATm@H_@Vs@z@yAVo@X_@AQQe@Bw@p@qFGs@Wo@Ou@I{@Zo@l@cB`@a@\Mb@Cb@Md@YPCjAk@NOdAq@N[D}@T}BAWD{@CQ,2
12,2,Vuelta de reconocimiento Leamington Spa,5003.1,1779,1887,46.8,Run,0.0,4185080881,garmin_push_5667019417,4477589223,2020-10-12T12:21:41Z,2020-10-12T13:21:41Z,(GMT+00:00) Europe/London,3600.0,"[52.284544, -1.530471]","[52.284575, -1.530635]",,,Espa침a,52.284544,-1.530471,0,11,0,1,0,False,False,False,False,everyone,False,g5086115,False,4477589223,2.812,5.1,81.7,True,173.6,200.0,False,True,61.6,43.0,0,0,False,92.0,7428619,1,a4185080881,kyb~Hn|iH?JaAhAG`@Zt@DZSbBB`@Nf@E\gAp@e@P_An@UHg@De@Jc@Ze@Lc@ROLORe@TQM]c@g@Ca@WWs@My@_@sAw@wBYkAYo@EWwAwD]{AiA{D_@mBe@yANu@~@q@DMCi@DWLKGUYg@Wq@S{B[oBUs@Ci@]wB?aAAQIa@IuD@{@K}@F{@C}@NgA@aAFaAGq@Mk@@a@Nu@Am@@ANDVGBCF@b@}@L{@F{@A]]_@Iy@AaAd@iCH}@n@}AZ_@`@[r@aBDi@Mm@BYQeAHDR@^_@b@cBFALBd@GFCp@w@a@a@[s@AaAL}@t@eDh@gBVm@Zc@f@FLMXw@JDh@bBBz@]b@e@MeAs@c@ISt@W`BSz@{@jCIf@dBnBCNa@R{@HGFa@NQt@Wr@[d@Ql@@XJb@@p@[f@Qh@[`@i@HQp@[n@S`BYr@BxAHbAEZFNATFJDpCCf@kBPAD?xD@vDKz@E|BH|@Ct@HvBTpAFz@^xDL~@Rp@RtBTx@Xn@Ld@AXMX@TJ|@IVe@Lc@REN?HPx@pA|Dn@fCd@zAh@tBj@jBZh@N`@p@rCTp@h@rC\PJ?f@j@b@Gd@]^_@dA}@b@MVCb@M|@Kd@Eb@UD{@Tu@P{@VsDJETCVY,2
13,2,Actividad a la hora del almuerzo,0.0,2613,2613,0.0,WeightTraining,,4083423207,garmin_push_5561372545,4369713346,2020-09-14T10:14:10Z,2020-09-14T12:14:10Z,(GMT+01:00) Europe/Madrid,7200.0,,,,,Espa침a,,,0,0,0,1,0,True,False,False,False,everyone,False,,False,4369713346,0.0,0.0,,True,81.4,116.0,False,True,,,0,0,False,4.0,7428619,1,a4083423207,,2
14,2,Actividad de noche,1617.7,2509,5448,0.0,Workout,,4042425370,garmin_push_5518722461,4326413467,2020-09-10T17:55:27Z,2020-09-10T19:55:27Z,(GMT+01:00) Europe/Madrid,7200.0,"[38.373929, -0.502417]","[38.373543, -0.50212]",,,Espa침a,38.373929,-0.502417,0,3,0,1,0,False,False,False,False,everyone,False,,False,4326413467,0.645,1.5,57.8,True,99.4,138.0,False,True,85.9,84.8,0,0,False,6.0,7428619,1,a4042425370,_|eiFbcaB?ED?@BCAADBE@@?E?BAAABAG?F@?AC@?@FAA?EF@AC?@M?BBBG?@AB@IENDC@@GCFDABCE@CAA?BLI@BGECBDBEJ@EC?A@HABFCCB?AC@D?E@BLCEEC@@FD@BACACB?CFCA?BBEA@MEHB@AABECABD?AC@BBAKCFD@@CEB?GCBBJB?@GCAB@C@CABEBBABC@DGC@B@CGDD@CEB@A@B@AKI@AADC@NBIAD?K@?EHC@DO@CGTLKE@EDF@CC??BBC?BIGFDEBCCHA?ACB?E??AJBGD?C@?EB??AAC?F@CGAADCBAGFFAAH@@GEDAECA@EBFBAA@@AEEBADFJCICH?CKG@@NBACDEEDEAGVQj@B?NEMR@SQEXBEQODC^Z?GECGDW@CAHGFFTDUMDF@?KGLBNVQWJ@HNA@ACBJA@W[GAEITJBDAHDDMK@CCOCAAD@BY]GCNR,2
15,2,Actividad de noche,2243.8,3965,5962,0.0,Workout,,4026924552,garmin_push_5502663181,4310049554,2020-09-07T16:33:49Z,2020-09-07T18:33:49Z,(GMT+01:00) Europe/Madrid,7200.0,"[38.373624, -0.502265]","[38.373551, -0.502239]",,,Espa침a,38.373624,-0.502265,0,2,0,1,0,False,False,False,False,everyone,False,,False,4310049554,0.566,1.4,62.7,True,117.0,169.0,False,True,85.7,85.1,0,0,False,16.0,7428619,1,a4026924552,czeiFdbaBB?CDBOD@GMBP@ECBF@ABEAB?IGBD@CD@CGD@@CEACJAC@CF@@A@BECBEABCADFGA@?I@DD@AACD@@CE@?DAKEBB@GLHH?GCA@F?AC@FH?EGADBAG?BBCCDBFIMFPGSG@@@FAHKGGARFGBFO@EKNP@?A@ICBBCADCCA@BA@AGB?@FFIEB?CDAEDBDABGC?E?BD@@CI@CCA@B?@CABFBBECHCG@DAGADAE@GHJA@B?EB?EE?@@AEA?B?AIF?CA?D?A@AEJ@GF@A@EEB?CF?FBEEAFIECDFKCBAEAFBB?ACB@IDJE@CC?FNCEGBNBMA@ADBACGH?EBADBGGBCADBHDBGKAB?ADAEF@E?@B@FEC@KE?G?D@?CGD@@CCBAGEBCFL@DCEHDFC?CH@MC@@IADDD?@@IEBJBKFG??KHAGA@?BCE?HAAA@FEDCEFAEIE@?G@L?ID@?BCDEA?BBIA@AP?QAHAE?@BF?E@?CK?JBCABAAA?HD@GBFA?DCAICBDBACGF@IEF?A?DGIDFC??EC@EEDAA@B@DECH@BCGBAPFDOBBS?HFBJAD?GA@C?ABDMAB@FACBAEOFRGCD?CE@AE@JBGEBFEG@H@E@BAAAHF?@EKDACF@ADECDIA??FGC@KB@AFAA@DDCAB@??C@B?@AGE?C@?F?IFA@HCDEK@AB@?AAD@B?CABAABB@CD@AIEA@JA@@C@@AG@c@FH?FKTRS?OAVAEQ?FBBHFIEM?@,2
16,2,Descanso activo ,6007.6,2047,2047,0.0,Run,0.0,4021761021,garmin_push_5497274071,4304535006,2020-09-06T15:59:15Z,2020-09-06T17:59:15Z,(GMT+01:00) Europe/Madrid,7200.0,"[38.365946, -0.410284]","[38.365654, -0.410256]",,,Espa침a,38.365946,-0.410284,0,6,0,1,0,False,False,False,False,everyone,False,,False,4304535006,2.935,3.4,83.6,True,157.7,188.0,False,True,7.3,5.9,0,0,False,64.0,7428619,1,a4021761021,cjdiFhcoAO?y@NwAF{D@iABmAA}DFc@Be@C]BmA?e@Be@Jg@@mAEs@I[AgADsA?cALqEByDL_DEwCBoGWmAIsH}@g@K_@WcA]iA?iAKe@@_BO_BYuBWaCa@qBOc@KoAOkAYs@Ke@Cc@Qa@KkA?c@AkASg@?u@GoAFe@GkB_@c@CmAOkAAg@EkDm@mAIqB[aAMu@EaCc@E@h@HtADf@DtANf@BxH`AjAFhALd@@jAJlAAz@C`@Hd@PhATpBRb@AjADdATlAJbCf@bALb@J`CVrCd@dAHhBTlAFf@@`@Af@DjBVb@L\^d@Db@Lf@H|ANp@JfDRlBJpBMb@@f@Fd@?jAEb@@jBChAG`BFf@DdA?lAItADjCSZHvAGb@@pBCf@E~DFd@EnEBb@IfBAd@Cf@?\DhAIh@BfAAp@@,2
17,2,Llegamos a los dos d칤gitos despu칠s de mucho tiempo 游뱆游낗游뱆游낗游,10055.7,3245,3251,30.2,Run,0.0,4013860348,garmin_push_5489359417,4296146037,2020-09-05T07:48:51Z,2020-09-05T09:48:51Z,(GMT+01:00) Europe/Madrid,7200.0,"[38.365265, -0.410305]","[38.363899, -0.411706]",,,Espa침a,38.365265,-0.410305,0,8,0,2,0,False,False,False,False,everyone,False,,False,4296146037,3.099,4.2,82.5,True,150.2,175.0,False,True,16.2,5.9,0,1,False,67.0,7428619,1,a4013860348,{ediFlcoA_@T_APU@AB?PL~@Br@Af@Kr@GHcAXQHe@Je@AmABg@Di@Gg@@e@DsBAmAHe@J_@?mAIuBFc@FkAFg@Ge@BiACmA?c@GmAZiADg@Eg@Qg@Ce@BmAGc@@e@Ne@DkAc@KKI_@G@a@VYXkANkAFWI{@GmBCkAIkABe@Ac@HoBIsABkAFe@EyB@a@U[_@a@Se@Ea@TKTY\mA@qBNqAC}@BuBUmAI[[[c@c@B]XqAGiAYg@?c@Bg@GkAGuB_@e@Oc@GkBIe@OiA?c@Qa@Gi@Eg@BmG}@iAEe@Ig@EaAM_@Kc@OmAWcAKi@CuB_@QOe@DcCWg@CaBU{CUiAWi@GACAqABuAN{BDcBAo@Mi@[[c@K_AG][c@OkAOaEq@e@MwEaAeD{@wBa@eIgBe@MgA]g@CiA_@aASeA_@kAUe@MiAc@e@Ie@EjAHd@Jd@P^HxA`@d@PlATlBh@lAVf@NxCh@^Nd@JVJtB`@`Cp@jAXlARhA\tBf@fAVnAHf@JpBNd@PPPLFfBXRJJNTd@@JAb@Kn@YdAFX@\EjA@h@Ip@Ad@DFb@BbAV|@Jd@LxCZnBXhALd@@b@HX@d@Af@Dd@Nd@Fb@FtAFd@J|@Df@Fb@JtBVx@Lf@Dd@?dAVd@Df@HTBVAfALd@JpB^d@@jATXAb@Bh@Jd@LvCd@d@Lb@Bd@Af@@b@C^Yb@D\`@`@PnAJhADtBLREtCNx@CVGJW\_@f@Ih@FbAj@lBHf@@lAEtENb@Ed@Dt@AhAIf@Dj@CzALnAD\Bj@A^GVYf@Gd@@VJd@LlA?p@IhA@d@Bx@A~@If@DlABzAG^GtADx@?jBEd@Db@Jh@Gb@CnBBd@EZGZB|@A~BHb@Gd@AfAUlBCfAIb@@lALf@Cd@If@Cf@Dh@Cd@G~@?,2
18,2,Actividad de noche,0.0,3119,3119,0.0,WeightTraining,,4013859788,garmin_push_5489358697,4296145408,2020-09-04T17:38:47Z,2020-09-04T19:38:47Z,(GMT+01:00) Europe/Madrid,7200.0,,,,,Espa침a,,,0,2,0,1,0,True,False,False,False,everyone,False,,False,4296145408,0.0,0.0,,True,114.2,152.0,False,True,78.0,78.0,0,0,False,10.0,7428619,1,a4013859788,,2
19,2,Carrera de noche,8032.5,2544,2572,0.0,Run,,3996864684,garmin_push_5472311301,4278409909,2020-09-01T16:34:26Z,2020-09-01T18:34:26Z,(GMT+01:00) Europe/Madrid,7200.0,"[38.365668, -0.410337]","[38.365217, -0.410368]",,,Espa침a,38.365668,-0.410337,0,5,0,1,0,False,False,False,False,everyone,False,,False,4278409909,3.157,4.0,82.2,True,154.9,172.0,False,True,7.6,5.8,0,0,False,64.0,7428619,1,a3996864684,khdiFrcoAYESBqANg@BkBPi@@iAIiGFi@AqB?g@Be@?g@GuCXg@CmAMmAEkABi@PkAHi@CuBDoAEuBFmAF]@mBMg@@kACi@Ge@@iFU}H}@kAUg@AmAQ_AUa@Oe@Ge@AaAKiBSe@KiAKyDm@kD_@mAYeAKgA_@wBBmBKkAQiA[e@@iAKmBGiAIiASaEYmAY_BWoAOg@AyBc@oBUs@Ee@Ig@CoAQ}CYe@GcB]}AMyCi@uC[kAGuB_@c@CoB]g@MaDs@iA[gAUIGe@O@@jDj@jCj@pB`@f@P|Cf@pBTrBPf@HfAVbE`@bGz@hANz@BxCb@b@Bh@FhCZdDb@vCXjAPjAHd@@b@Ld@H|CNjA@h@Db@NpBTrBLx@Cf@F`@Td@HjAHd@Pb@J`Eh@jIrAd@Ab@Bf@HlAJrB@b@Fb@JdAl@rCb@pAD~DXzCHnAAlAFd@AhAFhAClAIf@Ib@Ad@?jANvBDd@CrBAf@Kf@?h@GlADnAAjAXd@?b@Ed@Ad@If@ClABdAFlBArAIzC@d@ClAOd@Dd@?tBEb@BZC,2
20,2,Excursi칩n de ma침ana,9061.3,4203,7614,370.0,Hike,,3982332799,stripped_health_data_49186544_1598696551.gpx,4262826383,2020-08-29T06:37:35Z,2020-08-29T08:37:35Z,(GMT+01:00) Europe/Madrid,7200.0,"[42.645451, -1.188085]","[42.645882, -1.188238]",,,Espa침a,42.645451,-1.188085,0,3,0,2,0,False,False,False,False,everyone,False,,True,4262826383,2.156,2.3,,False,,,False,False,1315.0,1181.6,0,2,False,,7428619,1,a3982332799,aehcGp`gFDb@Ni@b@_@d@mAEu@GuDFoA\iAFc@CSQg@G{@AkAMq@BkAHi@J[b@RxAO`BaADID]J]TuAJmAJSTcAHI]F[Ms@_BQq@SWi@cACKBgBHe@?a@D_ARw@^{BJ_@HcARs@VYEKSIO{@Am@H}AA_@K[KOs@G[Oa@Gq@m@cCiAEUIG@_@K_@?OJiANc@DWC[Sm@Jq@Gc@Hm@Cc@DO?MISq@OSQ?m@a@_B@g@[gACeAMe@EqA?yAy@_A[u@?m@E{@Wc@QgA@sALYQMSa@MO@c@LYGc@FYCe@ZgABg@?[Ks@Hc@C]@c@QMAQFQM_@DqA`@{Ad@m@CQNYAs@NGHa@|@O`@U}@\UIQ_@WFM{@IWSGOUUEUUw@]qAy@cA}AYYKWGi@@]Ne@A{AMiAMe@YGMWHyAXmBLSr@i@Xe@Dm@Go@CsAOuBEQ]w@{@gAEMOaACs@i@kEUiAYs@?a@KiAZgADi@Pk@bAwBXqAF_AAu@Pm@Aq@L[?q@HYUu@@oBAQOYLo@?{AV_AJyANc@PKFi@EkBXgBAWPc@TUa@fATg@SZWhA]v@?j@B^CP@l@Y|AEb@[z@F|AGj@Jt@@~@G`AHh@?fAId@@l@On@EfBSfAi@pAo@nAO~@[fADjA@Vl@tBN|AZzBV|ABh@xA|BLp@LpA?nCE|@O\s@`@MNGZCj@Qn@Az@JR\VJTJl@DzBQ`A?ZJTb@b@L`@P^d@h@j@Xb@j@n@X^@Vb@\BDXIn@FNNFPVt@Fz@US@w@Zo@r@?p@Wf@g@dBYt@CVHdAATNRHr@On@Hf@DpAm@xBAHHL?JMr@DLTLJVPNDLMpAIT?LTlAHFF`AAbCIz@BVV|@Ht@@^Vb@Ld@@v@P`BJR^FDLAlAGb@BVKp@DRV`@Lt@]fBFj@Sd@ALXZnBtAh@p@JNPFXV\AFJHl@B`@CtAH|@A\LN@LMLGZSb@Cv@Oh@]zBKb@Ah@QvB@x@Df@h@z@HTNhAn@xAHJf@BLJIEIFk@`BKzACdA@v@e@`A[fAWn@CPEzBFdBFfAVn@]dBGzBJzAC`AJn@LJKN@FG?DAWf@g@h@SZ{@ZKAWS,2
21,2,Carrera de noche,8010.8,2601,2691,53.5,Run,0.0,3974338718,29BA85F0-7836-46E4-B26C-CA347C98613D-activity.fit,4254271582,2020-08-27T17:34:35Z,2020-08-27T19:34:35Z,(GMT+01:00) Europe/Madrid,7200.0,"[42.575449, -1.282306]","[42.575867, -1.28555]",,,Espa침a,42.575449,-1.282306,12,3,0,1,0,False,False,False,False,everyone,False,,False,4254271582,3.08,5.4,,False,,,False,False,441.5,396.1,4,0,False,,7428619,1,a3974338718,oozbGlmyFJZh@TDN@PCFBLN@ZZHTAp@G\Ep@Oj@Dv@E\H\Lt@JVJ`@?XIf@GDGLa@JIAKIIAGBw@CiABe@RO@MPWLODy@@a@GQBQAMGQa@WMIMg@SOSQI][y@eBS[IWOUCMIGSWEMKMa@s@CMg@q@MKUKk@o@e@WGIa@UQQK@MMIAk@Ju@CQEOIo@W[Yi@u@a@a@Wc@IG]Gc@Q_@CUGQ@w@PY?QDk@E]B[AYDm@Aa@Fs@?KCi@Wk@@[C_@OsAOGCo@Ce@MiACs@MiA_@OAs@c@u@S[Ui@UkAoAGAs@DWGMUKYBYAu@Ic@YaAa@i@K_@O_@Sy@Ea@Sc@SiAAU]_BKu@Gw@?g@Ga@Gy@Qm@H_@McB?u@F{AZuAFQ@KNg@JOLWf@u@nAaAj@]j@}@HEJ?^LZTRXpAzC|@tA~@bAXLJAHBj@GpBy@\Ef@MhBy@JKHE`ASjBs@`@E`@_@j@STQh@Sf@CDCr@GZIZCj@JPXLt@Dv@Nz@Tr@JPPPrAb@~@d@^LZRj@RZR|@Zp@NPCXBXFX@PF`@BNJfAZ^Dr@FP?ZDJDdALr@@d@Ld@f@LTDGEMKMaA_@eBK{@OS?o@Ow@Ca@GQMk@EiAQkCk@_B{@s@UWK[WOCUKc@Ke@WKEY_@Oc@Ig@S_COi@GIIAM?w@Jq@?w@PeA`@OJQDq@h@[Jc@Rg@LQJuA^kB~@aBj@WDg@PWFOHWD_@@WEa@]MSe@e@MSQe@i@aA]}@c@cASWUSMGUAQJa@h@GPcBjAa@d@q@jAQt@Wv@KNGf@Cj@BRCRJp@?RLp@?d@H^?XH~@@nAB\Lb@Dd@?XNd@@ZFP`@xBH\Xp@NRNn@LZDDLTLZVfAAVMl@F^DJjB`@t@x@d@VPDr@ZzAt@v@PH?PH^JV@FAF@JFP?^F~@?`@LZB\L~@Nh@AFBJJLFx@Bl@EJB\C`@I\@vAAXCv@M^DjAX`@P\\Vb@LLNV^`@XJHHPDv@ZLBf@APBRGXFZRh@l@x@f@b@^F@`@`@FLh@v@BJf@p@x@lBRX\v@PPv@`@\HNHP@DD^Nh@@VLf@ARDNAJBJ?fASN?,2
22,2,Carrera de noche,6987.0,2247,2349,58.3,Run,0.0,3969685838,050CE60B-E891-4199-811E-8F0304F2AED8-activity.fit,4249307320,2020-08-26T17:44:20Z,2020-08-26T19:44:20Z,(GMT+01:00) Europe/Madrid,7200.0,"[42.575483, -1.282421]","[42.575459, -1.282246]",,,Espa침a,42.575483,-1.282421,11,1,0,1,0,False,False,False,False,everyone,False,,False,4249307320,3.109,6.0,,False,,,False,False,440.7,396.1,7,0,False,,7428619,1,a3969685838,wozbGdnyFNLVBLHDL@PVNLTHFHXC\Kf@@dBOrABHLNFPHf@DHF^@PCb@Sh@GHYHO?KCk@EwADe@RKCMBWVa@Pm@@[AWIUDIES?Sc@[[o@Wo@o@U_@Si@Yi@IISc@]g@a@{@g@o@Wm@m@g@YMWe@]SSYg@YQG{@JMC]?e@IgAi@gAiASWSOY[}@a@KASF]CSDQCm@H]EwAF_AC_AJk@Cq@Y_@C[BO?IGcA[{AI{@K]Aw@MQIeBOKWi@QIKWGc@Ye@S]e@e@c@ICS?a@Dm@EOSEQDu@MqA]aAW_@Ig@Qc@W{@CYMYGc@Ym@E]O_@?OE_@?UCe@Ie@?g@Gk@MwBOqAKiBDq@`@qAR_ATs@d@q@R_@Xa@v@c@f@_@n@w@TOJCX@TVTNXl@JFFLBPHL@L\v@LRNNVh@l@r@f@^TDn@?XO`@KNKPAZG\QNA|@[VQx@c@t@SVC|By@j@a@dAa@^UPGL@d@I`@BDCH?TCLGb@ARHDHNn@Dl@O}AEIIEUA[@e@BSDO@q@H_@L_@FIH]PUJUF]ZYBe@RcAVyAh@i@\KBUNm@TqBj@c@TYFUAY@YISKMKOY_@a@SYO]c@m@Wo@GWs@qA[WUKO@QHe@t@UTMFGHI@a@Re@b@y@zAY`AKr@ITGV@LGf@FxAFj@FbCHt@Bb@AT\rCDLXbBz@`DHPF\j@fAXv@Hv@?TI`@?VH^r@Pj@@NFLPd@d@^XXJRNtB`An@FXLXFT@\FN?PFNCL@h@Jf@@bB\H?^Lp@?v@Vj@DNIZCf@@JAl@BPCn@Gt@@^KZAN?f@NP@`@P`@Vd@f@^j@d@`@HDJNRJd@TTFh@?d@Fj@?JBXRXXr@f@h@j@HBJLLFTZPNz@vAXj@N`@^n@Vh@r@`Af@Tf@JLHb@LP?d@FLF^Cd@HT@TGTFVEd@?DCb@G`@F|ACLOJg@Bq@F_@W{@EEEy@FcABqAL]CSBMKe@IGQ[KGWi@i@w@,2
23,2,Carrera de noche,5757.2,1877,1929,39.4,Run,0.0,3959750944,11E10061-A8F2-4EC6-803C-227FA571E049-activity.fit,4238734715,2020-08-24T16:24:38Z,2020-08-24T18:24:38Z,(GMT+01:00) Europe/Madrid,7200.0,"[42.575541, -1.282513]","[42.567383, -1.285458]",,,Espa침a,42.575541,-1.282513,5,0,0,1,0,False,False,False,False,everyone,False,,False,4238734715,3.067,6.4,,False,,,False,False,426.4,394.4,1,0,False,,7428619,1,a3959750944,cpzbGvnyFTJRb@j@f@Dx@\GDBIJCH@B?t@@JG^C`@In@D`@NTLTF^HtAITETILUJa@I]?a@Ew@HIDI@k@@_@HWCOBy@EYIg@GKEK@UEKISEa@YKQc@]GKKIc@s@UUWc@I]Wc@]u@WYOYSSQ[][WGQ[QOSKQQQI_@i@E?EGE?E?KJSBSAWBWIYASMUIIKQIWUg@WaAiAe@UWEOKcAQK?SFk@HSCYDsBGcALu@?QEi@So@@]EWKk@My@IY?g@Ok@BOAMEQMa@OmAIU@g@_@y@Ss@a@a@KMKOWg@e@q@CQCSMMS?IHi@Og@Ke@KU?SG[c@i@a@{AWi@Ka@K_AUq@Ce@?i@Gc@C}@Y_AC[Au@Mc@Fw@?a@G}@Ia@A_@BeABU\{ANy@f@cAn@y@PENM`@g@Va@x@{@XIF@JJXLN`@DDVd@H^Vl@fBfCTJNVXRPDl@Hl@N`@Rb@b@n@dA`@j@p@f@FLFDBHLHFPVV`@l@\n@FRNPh@fAf@x@Vx@r@vAp@~@X`BJNHh@VrANXL^Vf@XjADHFDZB`@Xb@n@Xx@D^FTTl@`@\HBT?PFHLfAlCX^^RJBV?b@Sr@YTEJ?HDf@`AbA`AXNZd@VTVNXZNJJN@FHJJV`@n@bB`BLFT\LJ@z@DTh@PV?F@BDn@BHBBD?PMx@@JE\_@xBUjAB^DPLPPLZHZAj@FTAZHv@HZHVLHFJDh@^VJxAGn@Kd@QVM^]ZMx@?XGh@Af@D`@@f@Cd@DXCDCt@EhAW~@K~@Yd@EPGf@GrA_@LATKdAYz@In@MTBNC|@Sd@AbAY~AOl@QPKJSF[,2
24,2,Actividad de noche,0.0,105357,105357,0.0,WeightTraining,,3918725497,garmin_push_5391246070,4194506515,2020-08-14T17:31:58Z,2020-08-14T19:31:58Z,(GMT+01:00) Europe/Madrid,7200.0,,,,,Espa침a,,,0,3,0,1,0,True,False,False,False,everyone,False,,False,4194506515,0.0,0.0,,True,90.7,149.0,False,True,,,0,0,False,221.0,7428619,1,a3918725497,,2
25,2,Actividad de tarde,0.0,50674,50674,0.0,WeightTraining,,3905485979,garmin_push_5377670577,4180077841,2020-08-12T15:41:31Z,2020-08-12T17:41:31Z,(GMT+01:00) Europe/Madrid,7200.0,,,,,Espa침a,,,0,2,0,1,0,True,False,False,False,everyone,False,,False,4180077841,0.0,0.0,,True,99.8,143.0,False,True,,,0,0,False,128.0,7428619,1,a3905485979,,2
26,2,Actividad de tarde,0.0,2532,2532,0.0,WeightTraining,,3868883433,garmin_push_5340083074,4140034501,2020-08-05T15:54:40Z,2020-08-05T17:54:40Z,(GMT+01:00) Europe/Madrid,7200.0,,,,,Espa침a,,,0,1,0,1,0,True,False,False,False,everyone,False,,False,4140034501,0.0,0.0,,True,90.3,124.0,False,True,,,0,0,False,5.0,7428619,1,a3868883433,,2
27,2,Excursi칩n de noche,3004.4,2708,2823,11.2,Hike,,3861289429,garmin_push_5332099488,4131707941,2020-08-03T17:39:40Z,2020-08-03T19:39:40Z,(GMT+01:00) Europe/Madrid,7200.0,"[38.367172, -0.409469]","[38.365346, -0.411515]",,,Espa침a,38.367172,-0.409469,0,0,0,1,0,False,False,False,True,only_me,False,,False,4131707941,1.109,1.5,55.1,True,106.6,121.0,False,True,8.7,-0.1,0,0,False,7.0,7428619,1,a3861289429,yqdiFd~nAqB@c@IgBDiAAm@EsCIc@GiAA}AAe@@c@CkABc@?sCOe@GgAFu@CWCc@Be@Ee@@u@KiCIe@Ke@?gAOe@Cc@FiABq@C}BUiAANCfA?|BH^HzCAb@@d@Dr@AjADnBV^Bx@Er@PP@hAMf@A|@H\@\FdCBd@Cb@F|ACr@@jBJfBCt@LhA@|@AhADfB?nCHr@Hr@@ZATLDXC?F@Ld@Bh@IZFDb@FT\L?PKKd@Ab@CDF\AHDJQxANg@FCNAPG[JNTQV,2
28,2,Carrera de noche,8001.1,2739,2739,0.0,Run,,3859007234,garmin_push_5329879227,4129179625,2020-08-03T16:18:55Z,2020-08-03T18:18:55Z,(GMT+01:00) Europe/Madrid,7200.0,"[38.365628, -0.410141]","[38.365749, -0.410215]",,,Espa침a,38.365628,-0.410141,0,7,0,1,0,False,False,False,False,everyone,False,,False,4129179625,2.921,3.8,82.2,True,146.1,173.0,False,True,7.6,5.8,0,0,False,43.0,7428619,1,a3859007234,chdiFlboAEAKFYD]NgAFYHeCVoAEiAVgAEsCFmA@WAe@GiAFYGg@@e@Dk@MoBBkAEcAIgAR}@Di@AuDFmAA}@@kAJ_A?aEE{@GeA@yAImBG{Ca@oAMkB[SKMK{@@iAKe@GiAYuBUiBW}@GeC[mAS}Da@c@Ic@QiAMcBa@oAAiEa@e@Ga@Sc@Gc@Fk@BgBIe@EkC]g@IiI}@kC]gAGmAQmAUwBUiASwJeAsG}@iFi@oB[sC}@u@OuCq@c@Ge@QE??Bd@BvB\pCr@jALhAVvC^d@JfAP|BVjAVnALb@JfALfDXnBXlHv@n@NlBPlBLvCb@b@DhALpB^zD`@hBJnATr@Bb@Gd@?b@Bd@Lb@DjAFZC\B`@Fx@ZpBTlB^lFt@d@LjDb@nATjDNv@?|AFz@p@d@Ld@FdIv@lAB|DBzDDjAElA@rBGnBBbFId@@f@DlACd@@jAGhACf@Gl@Df@?d@CjAA~@?|HSnB?pBCdBBj@A,2
29,2,Excursi칩n de ma침ana,2707.5,1802,1802,2.2,Hike,,3856603637,garmin_push_5327169477,4126547676,2020-08-03T05:12:11Z,2020-08-03T07:12:11Z,(GMT+01:00) Europe/Madrid,7200.0,"[38.365078, -0.409661]","[38.365065, -0.409613]",,,Espa침a,38.365078,-0.409661,0,0,0,1,0,False,False,False,True,only_me,False,,False,4126547676,1.502,1.7,61.9,True,86.6,100.0,False,True,2.2,-0.1,0,0,False,3.0,7428619,1,a3856603637,uddiFl_oAIKWMe@De@?c@Qe@CcBJiAMc@CwCAe@CyC?eCKgBEkDAiAGmB@wDYiA@c@Be@?e@EuA?kBYe@CmBCWCS?iAKiAFg@AeCUb@@nANd@Cd@@b@If@@b@Hd@Lb@Ad@GhADdARhAFhACr@TdCQb@FbBF`@Hd@BtAId@DhA@b@Cf@BhA?d@J|AAbALnBAb@@b@Af@Hd@ChAFhA?nAPrBMb@@d@Fd@@`@THB,2
